{
  "independent": {
    "train_time_s": 45.26,
    "returns_per_step": [
      -1.1298001949624084,
      -0.7147949675131404,
      -0.7285779025117718,
      -0.6387808080232305,
      -0.6525026173731717,
      -0.6468254973276379,
      -0.6647953581161232,
      -0.6163802603318752,
      -0.6500528380262455,
      -0.6455473864224663,
      -0.6377778780007576,
      -0.6209396353003519,
      -0.6532019978673486,
      -0.6383467980156866,
      -0.653302619108444,
      -0.6455943305353755,
      -0.6366868809333078,
      -0.6393850238631918,
      -0.6689776995033524,
      -0.6445437457035297,
      -0.6482111224337981,
      -0.6334992083505925,
      -0.6461722746502931,
      -0.6475567343368085,
      -0.6216765348324284,
      -0.6522803229304956,
      -0.6164246027730728,
      -0.6306774913886625,
      -0.6400195338931889,
      -0.599187685554765,
      -0.6345757695400563,
      -0.6429867312415157,
      -0.6267975837068931,
      -0.6355626945145161,
      -0.6531266759699377,
      -0.6124417318224314,
      -0.6524141887686437,
      -0.6384973630267865,
      -0.6295910735951823,
      -0.6357828547503167
    ],
    "final_avg_return": -0.635783,
    "first_avg_return": -1.1298,
    "improvement": 0.494017,
    "t3_ratios": [],
    "avg_t3_ratio": 0.0,
    "eval_mean_return": -0.644931,
    "eval_std_return": 0.028318,
    "eval_min_return": -0.688147,
    "eval_max_return": -0.596934,
    "total_exits": 127,
    "exit_rate": 0.078395,
    "total_cascade_depth": 1355,
    "avg_cascade_depth_per_exit": 10.6693,
    "total_cascade_severity": 39.162199,
    "avg_cascade_severity_per_exit": 0.308364,
    "action_distribution": {
      "lower_tariff": 0.1228,
      "raise_tariff": 0.1846,
      "invest_infra": 0.1265,
      "form_bilateral": 0.1747,
      "exit_bloc": 0.0784,
      "rejoin_bloc": 0.1827,
      "no_action": 0.1302
    }
  },
  "meta_pg": {
    "train_time_s": 47.34,
    "returns_per_step": [
      -0.7594528655519854,
      -0.7559443598317207,
      -0.646553921392236,
      -0.7532732920807036,
      -0.746755151587831,
      -0.7220173047960924,
      -0.7603266783335444,
      -0.7648884610622437,
      -0.742156428405543,
      -0.7374711518551185,
      -0.7623225356693211,
      -0.76417756759551,
      -0.7406473450894762,
      -0.7663448307733509,
      -0.7527911053537828,
      -0.7751408988703888,
      -0.7697023328432449,
      -0.734369288942747,
      -0.7619456388281187,
      -0.7352291707469223,
      -0.7565879086467735,
      -0.7513128073218055,
      -0.7506501776627116,
      -0.7432562656362897,
      -0.7290367998412824,
      -0.7525769814065428,
      -0.771865473398748,
      -0.7381881118219573,
      -0.7074762872051047,
      -0.7218236920967653,
      -0.7548879038214849,
      -0.7364516569898315,
      -0.7361570154875571,
      -0.7226640143061809,
      -0.7749197885701984,
      -0.7537056969073137,
      -0.7398870972519015,
      -0.7307988213661792,
      -0.7432877244921359,
      -0.739600947059092
    ],
    "final_avg_return": -0.739601,
    "first_avg_return": -0.759453,
    "improvement": 0.019852,
    "t3_ratios": [],
    "avg_t3_ratio": 0.0,
    "eval_mean_return": -0.736731,
    "eval_std_return": 0.025863,
    "eval_min_return": -0.801211,
    "eval_max_return": -0.698405,
    "total_exits": 126,
    "exit_rate": 0.077778,
    "total_cascade_depth": 1350,
    "avg_cascade_depth_per_exit": 10.7143,
    "total_cascade_severity": 39.012199,
    "avg_cascade_severity_per_exit": 0.309621,
    "action_distribution": {
      "lower_tariff": 0.1284,
      "raise_tariff": 0.2327,
      "invest_infra": 0.0728,
      "form_bilateral": 0.1253,
      "exit_bloc": 0.0778,
      "rejoin_bloc": 0.2358,
      "no_action": 0.1272
    }
  },
  "meta_mapg": {
    "train_time_s": 89.86,
    "returns_per_step": [
      -0.7364329355263393,
      -0.7827436926439792,
      -0.6924175864075143,
      -0.7200047936639623,
      -0.7008265702895675,
      -0.692071910524547,
      -0.7186894297594001,
      -0.6979324493636891,
      -0.7083040202964498,
      -0.7116028191701569,
      -0.7096152136143945,
      -0.6996156748856551,
      -0.6833098350672887,
      -0.6734681346267415,
      -0.689495319468131,
      -0.7138085644878569,
      -0.6602247861652921,
      -0.7092649325379876,
      -0.6799963092603516,
      -0.6803021415544462,
      -0.6674042125047362,
      -0.6896492143527139,
      -0.691340942387959,
      -0.6987875448502271,
      -0.7125355932400108,
      -0.6771069623874689,
      -0.653978002447104,
      -0.667543191153528,
      -0.6806407067169411,
      -0.6915889356108443,
      -0.6624188029779707,
      -0.6952924921903733,
      -0.6630072991976087,
      -0.6581086400042041,
      -0.6683741174197437,
      -0.6891951303820194,
      -0.70104042437809,
      -0.7036720241552561,
      -0.6955551662120519,
      -0.6767750739817322
    ],
    "final_avg_return": -0.676775,
    "first_avg_return": -0.736433,
    "improvement": 0.059658,
    "t3_ratios": [
      3.894047802908654e-12,
      0.0,
      0.0,
      0.0,
      0.0,
      0.0,
      0.0,
      0.0,
      0.0,
      0.0,
      0.0,
      0.0,
      0.0,
      0.0,
      0.0,
      0.0,
      0.0,
      0.0,
      0.0,
      0.0,
      0.0,
      0.0,
      0.0,
      0.0,
      0.0,
      0.0,
      0.0,
      0.0,
      0.0,
      0.0,
      0.0,
      0.0,
      0.0,
      0.0,
      0.0,
      0.0,
      0.0,
      0.0,
      0.0,
      0.0
    ],
    "avg_t3_ratio": 0.0,
    "eval_mean_return": -0.673249,
    "eval_std_return": 0.027558,
    "eval_min_return": -0.722169,
    "eval_max_return": -0.620458,
    "total_exits": 201,
    "exit_rate": 0.124074,
    "total_cascade_depth": 1905,
    "avg_cascade_depth_per_exit": 9.4776,
    "total_cascade_severity": 52.269192,
    "avg_cascade_severity_per_exit": 0.260046,
    "action_distribution": {
      "lower_tariff": 0.1228,
      "raise_tariff": 0.0753,
      "invest_infra": 0.0685,
      "form_bilateral": 0.1333,
      "exit_bloc": 0.1241,
      "rejoin_bloc": 0.3562,
      "no_action": 0.1198
    }
  },
  "spectral_analysis": {
    "spectral": {
      "spectral_radius": 8.395295292219249,
      "n_nodes": 45,
      "n_edges": 175,
      "avg_degree": 7.777777777777778,
      "supercritical": true,
      "damping_needed": 7.395295292219249,
      "term3_damping_at_L3": 5.25
    },
    "articulation": {
      "n_articulation_points": 4,
      "n_bridges": 4,
      "critical_agents": [
        "MLI",
        "SEN",
        "SLE"
      ]
    },
    "theoretical_damping_bound": 0.16
  }
}